{
  "2007": {
    "Kempegowda International Airport": 0,
    "Cochin International Airport": 2561000,
    "Dabolim Airport": 2600000,
    "Trivandrum International Airport": 1591872.095,
    "Calicut International Airport": 1970141,
    "Bagdogra Airport": 120000,
    "Veer Savarkar International Airport": 369085.25,
    "Tiruchirappalli International Airport": 138169.6,
    "Agartala Airport": 324674,
    "Silchar Airport": 116590,
    "Jodhpur Airport": 172240.8,
    "Dibrugarh Airport": 127485,
    "Tirupati Airport": 152967,
    "Rajkot Airport": 160711,
    "Maharana Pratap Airport": 236715,
    "Leh Kushok Bakula Rimpochee Airport": 140609,
    "Aurangabad Airport": 170632,
    "Raja Bhoj Airport": 169131,
    "Birsa Munda Airport": 145575,
    "Madurai International Airport": 265421,
    "Vadodara Airport": 404260,
    "Imphal Airport": 214689,
    "Lal Bahadur Shastri Airport": 350012,
    "Chandigarh International Airport": 154705,
    "Swami Vivekananda Airport": 246038,
    "Jammu Airport": 473764,
    "Mangalore International Airport": 482668,
    "Sri Guru Ram Dass Jee International Airport": 596328,
    "Visakhapatnam Airport": 320337,
    "Jaya Prakash Narayan Airport": 311171,
    "Devi Ahilyabai Holkar International Airport": 358496,
    "Biju Patnaik Airport": 351336,
    "Coimbatore International Airport": 866969,
    "Dr. Babasaheb Ambedkar International Airport": 662583,
    "Sheikh ul-Alam International Airport": 707903,
    "Jaipur International Airport": 791097,
    "Chaudhary Charan Singh Airport": 612557,
    "Lokpriya Gopinath Bordoloi International Airport": 1078103,
    "Pune Airport": 1573962,
    "Sardar Vallabhbhai Patel International Airport": 2518465,
    "Rajiv Gandhi International Airport": 5743687,
    "Netaji Subhas Chandra Bose International Airport": 6002263,
    "Chennai International Airport": 8974126,
    "Chhatrapati Shivaji Maharaj International Airport": 22248929,
    "Indira Gandhi International Airport": 20443444,
    "Jolly Grant Airport": 0,
    "Surat International Airport": 0,
    "Vijayawada Airport": 0,
    "Hubli Airport": 0,
    "Rajahmundry Airport": 0
  },
  "2008": {
    "Kempegowda International Airport": 10800000,
    "Cochin International Airport": 3338000,
    "Dabolim Airport": 2580000,
    "Trivandrum International Airport": 1804507.638,
    "Calicut International Airport": 2030614.8,
    "Bagdogra Airport": 135000,
    "Veer Savarkar International Airport": 424738.25,
    "Tiruchirappalli International Airport": 264191.7,
    "Agartala Airport": 406776,
    "Silchar Airport": 147298,
    "Jodhpur Airport": 166954,
    "Dibrugarh Airport": 174908.8,
    "Tirupati Airport": 169333,
    "Rajkot Airport": 154310,
    "Maharana Pratap Airport": 290780,
    "Leh Kushok Bakula Rimpochee Airport": 176400,
    "Aurangabad Airport": 197820,
    "Raja Bhoj Airport": 218359,
    "Birsa Munda Airport": 244018,
    "Madurai International Airport": 366493,
    "Vadodara Airport": 501744,
    "Imphal Airport": 320808,
    "Lal Bahadur Shastri Airport": 448863,
    "Chandigarh International Airport": 229608,
    "Swami Vivekananda Airport": 414856,
    "Jammu Airport": 546679,
    "Mangalore International Airport": 713667,
    "Sri Guru Ram Dass Jee International Airport": 677768,
    "Visakhapatnam Airport": 502203,
    "Jaya Prakash Narayan Airport": 387303,
    "Devi Ahilyabai Holkar International Airport": 548711,
    "Biju Patnaik Airport": 702201,
    "Coimbatore International Airport": 1062805,
    "Dr. Babasaheb Ambedkar International Airport": 865209,
    "Sheikh ul-Alam International Airport": 779709,
    "Jaipur International Airport": 1339391,
    "Chaudhary Charan Singh Airport": 701765,
    "Lokpriya Gopinath Bordoloi International Airport": 1347485,
    "Pune Airport": 1679409,
    "Sardar Vallabhbhai Patel International Airport": 3163647,
    "Rajiv Gandhi International Airport": 6985048,
    "Netaji Subhas Chandra Bose International Airport": 7459232,
    "Chennai International Airport": 10659754,
    "Chhatrapati Shivaji Maharaj International Airport": 25864753,
    "Indira Gandhi International Airport": 23971662,
    "Jolly Grant Airport": 0,
    "Surat International Airport": 0,
    "Vijayawada Airport": 0,
    "Hubli Airport": 0,
    "Rajahmundry Airport": 0
  },
  "2009": {
    "Kempegowda International Airport": 11100000,
    "Cochin International Airport": 3363000,
    "Dabolim Airport": 2220000,
    "Trivandrum International Airport": 2017143.181,
    "Calicut International Airport": 2091088.6,
    "Bagdogra Airport": 147010.6667,
    "Veer Savarkar International Airport": 480912.5,
    "Tiruchirappalli International Airport": 390213.8,
    "Agartala Airport": 371854,
    "Silchar Airport": 143434,
    "Jodhpur Airport": 83593,
    "Dibrugarh Airport": 187393.7,
    "Tirupati Airport": 155046,
    "Rajkot Airport": 128466,
    "Maharana Pratap Airport": 259689,
    "Leh Kushok Bakula Rimpochee Airport": 198790,
    "Aurangabad Airport": 194096,
    "Raja Bhoj Airport": 229714,
    "Birsa Munda Airport": 247349,
    "Madurai International Airport": 352881,
    "Vadodara Airport": 444573,
    "Imphal Airport": 321083,
    "Lal Bahadur Shastri Airport": 400775,
    "Chandigarh International Airport": 364167,
    "Swami Vivekananda Airport": 401655,
    "Jammu Airport": 401954,
    "Mangalore International Airport": 692803,
    "Sri Guru Ram Dass Jee International Airport": 572598,
    "Visakhapatnam Airport": 598769,
    "Jaya Prakash Narayan Airport": 344446,
    "Devi Ahilyabai Holkar International Airport": 599136,
    "Biju Patnaik Airport": 671861,
    "Coimbatore International Airport": 1010817,
    "Dr. Babasaheb Ambedkar International Airport": 801055,
    "Sheikh ul-Alam International Airport": 733089,
    "Jaipur International Airport": 1204340,
    "Chaudhary Charan Singh Airport": 817288,
    "Lokpriya Gopinath Bordoloi International Airport": 1373540,
    "Pune Airport": 1771062,
    "Sardar Vallabhbhai Patel International Airport": 2825939,
    "Rajiv Gandhi International Airport": 6215540,
    "Netaji Subhas Chandra Bose International Airport": 6989919,
    "Chennai International Airport": 9843190,
    "Chhatrapati Shivaji Maharaj International Airport": 23435723,
    "Indira Gandhi International Airport": 22843415,
    "Jolly Grant Airport": 0,
    "Surat International Airport": 0,
    "Vijayawada Airport": 0,
    "Hubli Airport": 0,
    "Rajahmundry Airport": 0
  },
  "2010": {
    "Kempegowda International Airport": 11400000,
    "Cochin International Airport": 3946000,
    "Dabolim Airport": 2630000,
    "Trivandrum International Airport": 2229778.724,
    "Calicut International Airport": 2151562.4,
    "Bagdogra Airport": 266135.6667,
    "Veer Savarkar International Airport": 536252.75,
    "Tiruchirappalli International Airport": 516235.9,
    "Agartala Airport": 476666.75,
    "Silchar Airport": 151871,
    "Jodhpur Airport": 133525,
    "Dibrugarh Airport": 182505,
    "Tirupati Airport": 157791,
    "Rajkot Airport": 186910,
    "Maharana Pratap Airport": 362528,
    "Leh Kushok Bakula Rimpochee Airport": 233030,
    "Aurangabad Airport": 224507,
    "Raja Bhoj Airport": 258715,
    "Birsa Munda Airport": 273763,
    "Madurai International Airport": 366308,
    "Vadodara Airport": 500852,
    "Imphal Airport": 410136,
    "Lal Bahadur Shastri Airport": 480937,
    "Chandigarh International Airport": 470304,
    "Swami Vivekananda Airport": 436620,
    "Jammu Airport": 519116,
    "Mangalore International Airport": 837367,
    "Sri Guru Ram Dass Jee International Airport": 702404,
    "Visakhapatnam Airport": 631063,
    "Jaya Prakash Narayan Airport": 552440,
    "Devi Ahilyabai Holkar International Airport": 708438,
    "Biju Patnaik Airport": 825958,
    "Coimbatore International Airport": 1109337,
    "Dr. Babasaheb Ambedkar International Airport": 816685,
    "Sheikh ul-Alam International Airport": 926520,
    "Jaipur International Airport": 1523267,
    "Chaudhary Charan Singh Airport": 1186310,
    "Lokpriya Gopinath Bordoloi International Airport": 1590257,
    "Pune Airport": 2251376,
    "Sardar Vallabhbhai Patel International Airport": 3525997,
    "Rajiv Gandhi International Airport": 6512913,
    "Netaji Subhas Chandra Bose International Airport": 8045724,
    "Chennai International Airport": 10531285,
    "Chhatrapati Shivaji Maharaj International Airport": 25606739,
    "Indira Gandhi International Airport": 26124695,
    "Jolly Grant Airport": 0,
    "Surat International Airport": 0,
    "Vijayawada Airport": 0,
    "Hubli Airport": 0,
    "Rajahmundry Airport": 0
  },
  "2011": {
    "Kempegowda International Airport": 11600000,
    "Cochin International Airport": 4345000,
    "Dabolim Airport": 3080000,
    "Trivandrum International Airport": 2442414.267,
    "Calicut International Airport": 2212036.2,
    "Bagdogra Airport": 385260.6667,
    "Veer Savarkar International Airport": 591593,
    "Tiruchirappalli International Airport": 642258,
    "Agartala Airport": 581479.5,
    "Silchar Airport": 158354,
    "Jodhpur Airport": 183457,
    "Dibrugarh Airport": 233038,
    "Tirupati Airport": 173862,
    "Rajkot Airport": 234475,
    "Maharana Pratap Airport": 368493,
    "Leh Kushok Bakula Rimpochee Airport": 261645,
    "Aurangabad Airport": 271832,
    "Raja Bhoj Airport": 321940,
    "Birsa Munda Airport": 363441,
    "Madurai International Airport": 388574,
    "Vadodara Airport": 598335,
    "Imphal Airport": 564211,
    "Lal Bahadur Shastri Airport": 556851,
    "Chandigarh International Airport": 645226,
    "Swami Vivekananda Airport": 532736,
    "Jammu Airport": 692034,
    "Mangalore International Airport": 845700,
    "Sri Guru Ram Dass Jee International Airport": 765194,
    "Visakhapatnam Airport": 711566,
    "Jaya Prakash Narayan Airport": 838509,
    "Devi Ahilyabai Holkar International Airport": 879279,
    "Biju Patnaik Airport": 1044860,
    "Coimbatore International Airport": 1243823,
    "Dr. Babasaheb Ambedkar International Airport": 1236732,
    "Sheikh ul-Alam International Airport": 1039505,
    "Jaipur International Airport": 1655212,
    "Chaudhary Charan Singh Airport": 1575878,
    "Lokpriya Gopinath Bordoloi International Airport": 1934750,
    "Pune Airport": 2808939,
    "Sardar Vallabhbhai Patel International Airport": 4043473,
    "Rajiv Gandhi International Airport": 7602998,
    "Netaji Subhas Chandra Bose International Airport": 9631672,
    "Chennai International Airport": 12049679,
    "Chhatrapati Shivaji Maharaj International Airport": 29071913,
    "Indira Gandhi International Airport": 29942887,
    "Jolly Grant Airport": 0,
    "Surat International Airport": 0,
    "Vijayawada Airport": 0,
    "Hubli Airport": 0,
    "Rajahmundry Airport": 0
  },
  "2012": {
    "Kempegowda International Airport": 12700000,
    "Cochin International Airport": 4723000,
    "Dabolim Airport": 3520000,
    "Trivandrum International Airport": 2820000,
    "Calicut International Airport": 2272510,
    "Bagdogra Airport": 483115,
    "Veer Savarkar International Airport": 646328.5,
    "Tiruchirappalli International Airport": 768280.1,
    "Agartala Airport": 686292.25,
    "Silchar Airport": 209317,
    "Jodhpur Airport": 214827,
    "Dibrugarh Airport": 231870,
    "Tirupati Airport": 240681,
    "Rajkot Airport": 261363,
    "Maharana Pratap Airport": 370934,
    "Leh Kushok Bakula Rimpochee Airport": 373420,
    "Aurangabad Airport": 404192,
    "Raja Bhoj Airport": 422595,
    "Birsa Munda Airport": 491418,
    "Madurai International Airport": 511737,
    "Vadodara Airport": 669931,
    "Imphal Airport": 727579,
    "Lal Bahadur Shastri Airport": 747811,
    "Chandigarh International Airport": 802059,
    "Swami Vivekananda Airport": 802583,
    "Jammu Airport": 888595,
    "Mangalore International Airport": 891122,
    "Sri Guru Ram Dass Jee International Airport": 892104,
    "Visakhapatnam Airport": 958160,
    "Jaya Prakash Narayan Airport": 1021544,
    "Devi Ahilyabai Holkar International Airport": 1112834,
    "Biju Patnaik Airport": 1253263,
    "Coimbatore International Airport": 1345381,
    "Dr. Babasaheb Ambedkar International Airport": 1415739,
    "Sheikh ul-Alam International Airport": 1632098,
    "Jaipur International Airport": 1828304,
    "Chaudhary Charan Singh Airport": 2018554,
    "Lokpriya Gopinath Bordoloi International Airport": 2244684,
    "Pune Airport": 3293146,
    "Sardar Vallabhbhai Patel International Airport": 4695115,
    "Rajiv Gandhi International Airport": 8444431,
    "Netaji Subhas Chandra Bose International Airport": 10303991,
    "Chennai International Airport": 12925218,
    "Chhatrapati Shivaji Maharaj International Airport": 30747841,
    "Indira Gandhi International Airport": 35881965,
    "Jolly Grant Airport": 0,
    "Surat International Airport": 0,
    "Vijayawada Airport": 0,
    "Hubli Airport": 0,
    "Rajahmundry Airport": 0
  },
  "2013": {
    "Kempegowda International Airport": 11993887,
    "Cochin International Airport": 4880773,
    "Dabolim Airport": 3542747,
    "Trivandrum International Airport": 2839083,
    "Calicut International Airport": 2273703,
    "Bagdogra Airport": 666052,
    "Veer Savarkar International Airport": 703483,
    "Tiruchirappalli International Airport": 870030,
    "Agartala Airport": 791105,
    "Silchar Airport": 218735,
    "Jodhpur Airport": 260649,
    "Dibrugarh Airport": 230761,
    "Tirupati Airport": 286548,
    "Rajkot Airport": 283291,
    "Maharana Pratap Airport": 360320,
    "Leh Kushok Bakula Rimpochee Airport": 350000,
    "Aurangabad Airport": 439275,
    "Raja Bhoj Airport": 492347,
    "Birsa Munda Airport": 463738,
    "Madurai International Airport": 558502,
    "Vadodara Airport": 676090,
    "Imphal Airport": 672872,
    "Lal Bahadur Shastri Airport": 808497,
    "Chandigarh International Airport": 881555,
    "Swami Vivekananda Airport": 810435,
    "Jammu Airport": 862083,
    "Mangalore International Airport": 1043386,
    "Sri Guru Ram Dass Jee International Airport": 895425,
    "Visakhapatnam Airport": 1037608,
    "Jaya Prakash Narayan Airport": 1003169,
    "Devi Ahilyabai Holkar International Airport": 1083663,
    "Biju Patnaik Airport": 1389552,
    "Coimbatore International Airport": 1297804,
    "Dr. Babasaheb Ambedkar International Airport": 1262921,
    "Sheikh ul-Alam International Airport": 1861691,
    "Jaipur International Airport": 1802469,
    "Chaudhary Charan Singh Airport": 2022414,
    "Lokpriya Gopinath Bordoloi International Airport": 2076938,
    "Pune Airport": 3444915,
    "Sardar Vallabhbhai Patel International Airport": 4162747,
    "Rajiv Gandhi International Airport": 8300469,
    "Netaji Subhas Chandra Bose International Airport": 10068655,
    "Chennai International Airport": 12776760,
    "Chhatrapati Shivaji Maharaj International Airport": 30207514,
    "Indira Gandhi International Airport": 34368411,
    "Jolly Grant Airport": 0,
    "Surat International Airport": 0,
    "Vijayawada Airport": 0,
    "Hubli Airport": 0,
    "Rajahmundry Airport": 0
  },
  "2014": {
    "Kempegowda International Airport": 12868830,
    "Cochin International Airport": 5383463,
    "Dabolim Airport": 3999535,
    "Trivandrum International Airport": 2934434,
    "Calicut International Airport": 2455579,
    "Bagdogra Airport": 721365,
    "Veer Savarkar International Airport": 757009,
    "Tiruchirappalli International Airport": 1015825,
    "Agartala Airport": 824496,
    "Silchar Airport": 214000,
    "Jodhpur Airport": 303678,
    "Dibrugarh Airport": 246068,
    "Tirupati Airport": 272095,
    "Rajkot Airport": 306441,
    "Maharana Pratap Airport": 435197,
    "Leh Kushok Bakula Rimpochee Airport": 330001,
    "Aurangabad Airport": 447917,
    "Raja Bhoj Airport": 429680,
    "Birsa Munda Airport": 517006,
    "Madurai International Airport": 670516,
    "Vadodara Airport": 686235,
    "Imphal Airport": 628766,
    "Lal Bahadur Shastri Airport": 826282,
    "Chandigarh International Airport": 1050397,
    "Swami Vivekananda Airport": 839534,
    "Jammu Airport": 845555,
    "Mangalore International Airport": 1283667,
    "Sri Guru Ram Dass Jee International Airport": 1031821,
    "Visakhapatnam Airport": 1012522,
    "Jaya Prakash Narayan Airport": 1044127,
    "Devi Ahilyabai Holkar International Airport": 1114980,
    "Biju Patnaik Airport": 1335832,
    "Coimbatore International Airport": 1244300,
    "Dr. Babasaheb Ambedkar International Airport": 1263837,
    "Sheikh ul-Alam International Airport": 2003186,
    "Jaipur International Airport": 1981936,
    "Chaudhary Charan Singh Airport": 2312291,
    "Lokpriya Gopinath Bordoloi International Airport": 2196545,
    "Pune Airport": 3596684,
    "Sardar Vallabhbhai Patel International Airport": 4564225,
    "Rajiv Gandhi International Airport": 8653784,
    "Netaji Subhas Chandra Bose International Airport": 10100232,
    "Chennai International Airport": 12896055,
    "Chhatrapati Shivaji Maharaj International Airport": 32221395,
    "Indira Gandhi International Airport": 36876986,
    "Jolly Grant Airport": 306832,
    "Surat International Airport": 0,
    "Vijayawada Airport": 0,
    "Hubli Airport": 0,
    "Rajahmundry Airport": 0
  },
  "2015": {
    "Kempegowda International Airport": 15401392,
    "Cochin International Airport": 6414135,
    "Dabolim Airport": 4513201,
    "Trivandrum International Airport": 3174018,
    "Calicut International Airport": 2583740,
    "Bagdogra Airport": 1035887,
    "Veer Savarkar International Airport": 815873,
    "Tiruchirappalli International Airport": 1189218,
    "Agartala Airport": 879182,
    "Silchar Airport": 205000,
    "Jodhpur Airport": 295863,
    "Dibrugarh Airport": 319260,
    "Tirupati Airport": 245049,
    "Rajkot Airport": 351343,
    "Maharana Pratap Airport": 457942,
    "Leh Kushok Bakula Rimpochee Airport": 403243,
    "Aurangabad Airport": 426855,
    "Raja Bhoj Airport": 416284,
    "Birsa Munda Airport": 653832,
    "Madurai International Airport": 687221,
    "Vadodara Airport": 712447,
    "Imphal Airport": 612188,
    "Lal Bahadur Shastri Airport": 1019973,
    "Chandigarh International Airport": 1206292,
    "Swami Vivekananda Airport": 925504,
    "Jammu Airport": 952641,
    "Mangalore International Airport": 1307083,
    "Sri Guru Ram Dass Jee International Airport": 1083684,
    "Visakhapatnam Airport": 1099480,
    "Jaya Prakash Narayan Airport": 1196540,
    "Devi Ahilyabai Holkar International Airport": 1353300,
    "Biju Patnaik Airport": 1493356,
    "Coimbatore International Airport": 1429198,
    "Dr. Babasaheb Ambedkar International Airport": 1401147,
    "Sheikh ul-Alam International Airport": 2040808,
    "Jaipur International Airport": 2197959,
    "Chaudhary Charan Singh Airport": 2541241,
    "Lokpriya Gopinath Bordoloi International Airport": 2233601,
    "Pune Airport": 4190509,
    "Sardar Vallabhbhai Patel International Airport": 5050433,
    "Rajiv Gandhi International Airport": 10404353,
    "Netaji Subhas Chandra Bose International Airport": 10916699,
    "Chennai International Airport": 14299200,
    "Chhatrapati Shivaji Maharaj International Airport": 37694824,
    "Indira Gandhi International Airport": 40895555,
    "Jolly Grant Airport": 378646,
    "Surat International Airport": 0,
    "Vijayawada Airport": 233617,
    "Hubli Airport": 0,
    "Rajahmundry Airport": 0
  },
  "2016": {
    "Kempegowda International Airport": 18971149,
    "Cochin International Airport": 7749901,
    "Dabolim Airport": 5375555,
    "Trivandrum International Airport": 3470788,
    "Calicut International Airport": 2305547,
    "Bagdogra Airport": 1087239,
    "Veer Savarkar International Airport": 871318,
    "Tiruchirappalli International Airport": 1297212,
    "Agartala Airport": 921591,
    "Silchar Airport": 200855,
    "Jodhpur Airport": 301859,
    "Dibrugarh Airport": 319646,
    "Tirupati Airport": 371060,
    "Rajkot Airport": 413207,
    "Maharana Pratap Airport": 711187,
    "Leh Kushok Bakula Rimpochee Airport": 408541,
    "Aurangabad Airport": 301046,
    "Raja Bhoj Airport": 662615,
    "Birsa Munda Airport": 739961,
    "Madurai International Airport": 842300,
    "Vadodara Airport": 931092,
    "Imphal Airport": 766877,
    "Lal Bahadur Shastri Airport": 1383962,
    "Chandigarh International Airport": 1534058,
    "Swami Vivekananda Airport": 1206844,
    "Jammu Airport": 1117252,
    "Mangalore International Airport": 1674251,
    "Sri Guru Ram Dass Jee International Airport": 1250370,
    "Visakhapatnam Airport": 1804634,
    "Jaya Prakash Narayan Airport": 1584013,
    "Devi Ahilyabai Holkar International Airport": 1692892,
    "Biju Patnaik Airport": 1894732,
    "Coimbatore International Airport": 1691553,
    "Dr. Babasaheb Ambedkar International Airport": 1595241,
    "Sheikh ul-Alam International Airport": 2310829,
    "Jaipur International Airport": 2887189,
    "Chaudhary Charan Singh Airport": 3241892,
    "Lokpriya Gopinath Bordoloi International Airport": 2784315,
    "Pune Airport": 5417167,
    "Sardar Vallabhbhai Patel International Airport": 6480111,
    "Rajiv Gandhi International Airport": 12388159,
    "Netaji Subhas Chandra Bose International Airport": 12761007,
    "Chennai International Airport": 15218017,
    "Chhatrapati Shivaji Maharaj International Airport": 41670351,
    "Indira Gandhi International Airport": 48424165,
    "Jolly Grant Airport": 471542,
    "Surat International Airport": 94824,
    "Vijayawada Airport": 398643,
    "Hubli Airport": 0,
    "Rajahmundry Airport": 223903
  },
  "2017": {
    "Kempegowda International Airport": 22881392,
    "Cochin International Airport": 8955441,
    "Dabolim Airport": 6856362,
    "Trivandrum International Airport": 3881509,
    "Calicut International Airport": 2651088,
    "Bagdogra Airport": 1524516,
    "Veer Savarkar International Airport": 1238331,
    "Tiruchirappalli International Airport": 1359447,
    "Agartala Airport": 1183867,
    "Silchar Airport": 212228,
    "Jodhpur Airport": 350583,
    "Dibrugarh Airport": 305796,
    "Tirupati Airport": 486029,
    "Rajkot Airport": 405518,
    "Maharana Pratap Airport": 1089899,
    "Leh Kushok Bakula Rimpochee Airport": 563800,
    "Aurangabad Airport": 326971,
    "Raja Bhoj Airport": 676015,
    "Birsa Munda Airport": 1035740,
    "Madurai International Airport": 978919,
    "Vadodara Airport": 1103981,
    "Imphal Airport": 886338,
    "Lal Bahadur Shastri Airport": 1916454,
    "Chandigarh International Airport": 1825881,
    "Swami Vivekananda Airport": 1396179,
    "Jammu Airport": 1159937,
    "Mangalore International Airport": 1734810,
    "Sri Guru Ram Dass Jee International Airport": 1566407,
    "Visakhapatnam Airport": 2358029,
    "Jaya Prakash Narayan Airport": 2112150,
    "Devi Ahilyabai Holkar International Airport": 1784073,
    "Biju Patnaik Airport": 2332433,
    "Coimbatore International Airport": 2104904,
    "Dr. Babasaheb Ambedkar International Airport": 1891475,
    "Sheikh ul-Alam International Airport": 2101762,
    "Jaipur International Airport": 3783458,
    "Chaudhary Charan Singh Airport": 3968950,
    "Lokpriya Gopinath Bordoloi International Airport": 3789656,
    "Pune Airport": 6787391,
    "Sardar Vallabhbhai Patel International Airport": 7405282,
    "Rajiv Gandhi International Airport": 15102672,
    "Netaji Subhas Chandra Bose International Airport": 15819539,
    "Chennai International Airport": 17718017,
    "Chhatrapati Shivaji Maharaj International Airport": 45154345,
    "Indira Gandhi International Airport": 57703096,
    "Jolly Grant Airport": 882564,
    "Surat International Airport": 194564,
    "Vijayawada Airport": 622354,
    "Hubli Airport": 0,
    "Rajahmundry Airport": 261348
  },
  "2018": {
    "Kempegowda International Airport": 26910431,
    "Cochin International Airport": 10172839,
    "Dabolim Airport": 7607249,
    "Trivandrum International Airport": 4393469,
    "Calicut International Airport": 3139432,
    "Bagdogra Airport": 2255768,
    "Veer Savarkar International Airport": 1549951,
    "Tiruchirappalli International Airport": 1513273,
    "Agartala Airport": 1379090,
    "Silchar Airport": 366955,
    "Jodhpur Airport": 469239,
    "Dibrugarh Airport": 336851,
    "Tirupati Airport": 584732,
    "Rajkot Airport": 365427,
    "Maharana Pratap Airport": 1147067,
    "Leh Kushok Bakula Rimpochee Airport": 692010,
    "Aurangabad Airport": 344180,
    "Raja Bhoj Airport": 722243,
    "Birsa Munda Airport": 1778349,
    "Madurai International Airport": 1442807,
    "Vadodara Airport": 1008506,
    "Imphal Airport": 987506,
    "Lal Bahadur Shastri Airport": 2087581,
    "Chandigarh International Airport": 2137739,
    "Swami Vivekananda Airport": 1628134,
    "Jammu Airport": 1443965,
    "Mangalore International Airport": 2269949,
    "Sri Guru Ram Dass Jee International Airport": 2319955,
    "Visakhapatnam Airport": 2480379,
    "Jaya Prakash Narayan Airport": 3111273,
    "Devi Ahilyabai Holkar International Airport": 2269971,
    "Biju Patnaik Airport": 3250635,
    "Coimbatore International Airport": 2403935,
    "Dr. Babasaheb Ambedkar International Airport": 2186137,
    "Sheikh ul-Alam International Airport": 2440467,
    "Jaipur International Airport": 4757178,
    "Chaudhary Charan Singh Airport": 4752921,
    "Lokpriya Gopinath Bordoloi International Airport": 4668053,
    "Pune Airport": 8164840,
    "Sardar Vallabhbhai Patel International Airport": 9174425,
    "Rajiv Gandhi International Airport": 18156789,
    "Netaji Subhas Chandra Bose International Airport": 19892524,
    "Chennai International Airport": 20361482,
    "Chhatrapati Shivaji Maharaj International Airport": 48496430,
    "Indira Gandhi International Airport": 65691662,
    "Jolly Grant Airport": 1124937,
    "Surat International Airport": 681465,
    "Vijayawada Airport": 746392,
    "Hubli Airport": 49227,
    "Rajahmundry Airport": 268001
  },
  "2019": {
    "Kempegowda International Airport": 33307702,
    "Cochin International Airport": 10119825,
    "Dabolim Airport": 8467326,
    "Trivandrum International Airport": 4434459,
    "Calicut International Airport": 3360847,
    "Bagdogra Airport": 2898784,
    "Veer Savarkar International Airport": 1711881,
    "Tiruchirappalli International Airport": 1578831,
    "Agartala Airport": 1441089,
    "Silchar Airport": 386665,
    "Jodhpur Airport": 506826,
    "Dibrugarh Airport": 367929,
    "Tirupati Airport": 834652,
    "Rajkot Airport": 334068,
    "Maharana Pratap Airport": 1392210,
    "Leh Kushok Bakula Rimpochee Airport": 821689,
    "Aurangabad Airport": 347781,
    "Raja Bhoj Airport": 810307,
    "Birsa Munda Airport": 2254108,
    "Madurai International Airport": 1520016,
    "Vadodara Airport": 1155716,
    "Imphal Airport": 1277163,
    "Lal Bahadur Shastri Airport": 2785015,
    "Chandigarh International Airport": 2097698,
    "Swami Vivekananda Airport": 2028548,
    "Jammu Airport": 1334313,
    "Mangalore International Airport": 2240664,
    "Sri Guru Ram Dass Jee International Airport": 2523794,
    "Visakhapatnam Airport": 2853390,
    "Jaya Prakash Narayan Airport": 4061990,
    "Devi Ahilyabai Holkar International Airport": 3158938,
    "Biju Patnaik Airport": 4158731,
    "Coimbatore International Airport": 3000882,
    "Dr. Babasaheb Ambedkar International Airport": 2801910,
    "Sheikh ul-Alam International Airport": 2737560,
    "Jaipur International Airport": 5471223,
    "Chaudhary Charan Singh Airport": 5532819,
    "Lokpriya Gopinath Bordoloi International Airport": 5745628,
    "Pune Airport": 9070917,
    "Sardar Vallabhbhai Patel International Airport": 11172468,
    "Rajiv Gandhi International Airport": 21403972,
    "Netaji Subhas Chandra Bose International Airport": 21877350,
    "Chennai International Airport": 22543822,
    "Chhatrapati Shivaji Maharaj International Airport": 48815063,
    "Indira Gandhi International Airport": 69233864,
    "Jolly Grant Airport": 1240173,
    "Surat International Airport": 1238724,
    "Vijayawada Airport": 1192000,
    "Hubli Airport": 460462,
    "Rajahmundry Airport": 440429
  }
}
